team,season,wp_cost,is_mistake,is_clear_mistake,n_plays,expected_wins_lost
ARI,2006,0.2920153549400688,20,5,118,0.2920153549400688
ARI,2007,0.2813911655695086,29,1,117,0.2813911655695086
ARI,2008,0.24438330002734476,24,4,99,0.24438330002734476
ARI,2009,0.11440078062941786,19,1,111,0.11440078062941786
ARI,2010,0.2587207022712142,25,2,138,0.2587207022712142
ARI,2011,0.19164370869172093,24,3,129,0.19164370869172093
ARI,2012,0.4821377141069077,31,5,160,0.4821377141069077
ARI,2013,0.09767445637257624,14,0,121,0.09767445637257624
ARI,2014,0.3920643911336825,24,6,128,0.3920643911336825
ARI,2015,0.1057364536007876,23,1,95,0.1057364536007876
ARI,2016,0.08666356502050006,13,1,102,0.08666356502050006
ARI,2017,0.352543260550521,25,4,141,0.352543260550521
ARI,2018,0.10121534103341256,23,1,126,0.10121534103341256
ARI,2019,0.24028197264481319,24,3,110,0.24028197264481319
ARI,2020,0.272466317101862,20,3,109,0.272466317101862
ARI,2021,0.27487283569372667,25,6,111,0.27487283569372667
ARI,2022,0.33300405328675364,34,4,137,0.33300405328675364
ARI,2023,0.4134251745729795,33,5,128,0.4134251745729795
ARI,2024,0.3435527216020141,14,5,103,0.3435527216020141
ATL,2006,0.3085713744563778,29,4,129,0.3085713744563778
ATL,2007,0.3500837623504141,37,5,141,0.3500837623504141
ATL,2008,0.1500503807791576,19,2,107,0.1500503807791576
ATL,2009,0.31370056268725727,34,5,113,0.31370056268725727
ATL,2010,0.20640891267002423,16,1,118,0.20640891267002423
ATL,2011,0.14456899244404375,16,2,111,0.14456899244404375
ATL,2012,0.20401373222925798,18,2,103,0.20401373222925798
ATL,2013,0.3253399431004686,23,5,108,0.3253399431004686
ATL,2014,0.23449097332961905,24,4,109,0.23449097332961905
ATL,2015,0.3393855513808139,24,6,108,0.3393855513808139
ATL,2016,0.23949984362283278,19,4,97,0.23949984362283278
ATL,2017,0.32857733261121935,18,3,103,0.32857733261121935
ATL,2018,0.1485039258607563,24,1,105,0.1485039258607563
ATL,2019,0.11635203783969637,21,1,110,0.11635203783969637
ATL,2020,0.3947817812684616,26,6,116,0.3947817812684616
ATL,2021,0.24184578336243912,27,3,115,0.24184578336243912
ATL,2022,0.15577618530334664,15,1,110,0.15577618530334664
ATL,2023,0.9810976560692168,23,2,127,0.9810976560692168
ATL,2024,0.668689827981358,30,10,116,0.668689827981358
BAL,2006,0.24812267440484012,24,4,125,0.24812267440484012
BAL,2007,0.38736988102130865,29,5,129,0.38736988102130865
BAL,2008,0.3468361134373794,29,6,128,0.3468361134373794
BAL,2009,0.47860804201881113,18,6,114,0.47860804201881113
BAL,2010,0.24854806196691753,16,5,120,0.24854806196691753
BAL,2011,0.1628694652920116,13,2,114,0.1628694652920116
BAL,2012,0.22860426753699423,19,3,127,0.22860426753699423
BAL,2013,0.3027992871359884,24,3,147,0.3027992871359884
BAL,2014,0.3096546976118265,23,2,109,0.3096546976118265
BAL,2015,0.36424680556289935,36,5,131,0.36424680556289935
BAL,2016,0.36608243664227386,27,6,134,0.36608243664227386
BAL,2017,0.27249686155835307,18,2,136,0.27249686155835307
BAL,2018,1.041055827674401,19,6,118,1.041055827674401
BAL,2019,0.2547151865317615,23,3,93,0.2547151865317615
BAL,2020,0.1831521142877146,22,0,96,0.1831521142877146
BAL,2021,0.16556502223067496,18,1,129,0.16556502223067496
BAL,2022,0.33851243970524036,27,4,116,0.33851243970524036
BAL,2023,0.3652956571845716,24,6,114,0.3652956571845716
BAL,2024,0.09802211894052226,11,1,96,0.09802211894052226
BUF,2006,0.26422191311726545,23,4,125,0.26422191311726545
BUF,2007,0.3393746463810623,32,5,124,0.3393746463810623
BUF,2008,0.2570264648730295,25,5,109,0.2570264648730295
BUF,2009,0.3373458049180752,22,3,135,0.3373458049180752
BUF,2010,0.31795944223918965,31,5,118,0.31795944223918965
BUF,2011,0.22993786797494614,28,4,121,0.22993786797494614
BUF,2012,0.2104099220609781,18,2,107,0.2104099220609781
BUF,2013,0.21340312877199175,26,1,145,0.21340312877199175
BUF,2014,0.24073955708618966,24,3,135,0.24073955708618966
BUF,2015,0.25144529325945697,27,4,123,0.25144529325945697
BUF,2016,0.31846820095356093,24,7,113,0.31846820095356093
BUF,2017,0.31722839516865153,17,1,126,0.31722839516865153
BUF,2018,0.3294243846222097,27,6,126,0.3294243846222097
BUF,2019,0.4694941194971617,31,7,124,0.4694941194971617
BUF,2020,0.15681044865558563,11,3,82,0.15681044865558563
BUF,2021,0.7169137017878471,28,7,104,0.7169137017878471
BUF,2022,0.12855389629577785,9,2,86,0.12855389629577785
BUF,2023,0.09743568791418267,17,1,96,0.09743568791418267
BUF,2024,0.3224095990043875,22,5,105,0.3224095990043875
CAR,2006,0.1756277030416561,15,2,130,0.1756277030416561
CAR,2007,0.18923893774612088,29,2,133,0.18923893774612088
CAR,2008,0.07348270204885625,16,0,112,0.07348270204885625
CAR,2009,0.1620803643171435,21,2,123,0.1620803643171435
CAR,2010,0.5089549130067526,39,8,146,0.5089549130067526
CAR,2011,0.5849457541678287,29,9,101,0.5849457541678287
CAR,2012,0.18497049374491784,16,3,107,0.18497049374491784
CAR,2013,0.12676187519169102,17,2,108,0.12676187519169102
CAR,2014,0.16851884241127899,18,4,109,0.16851884241127899
CAR,2015,0.14109542924086113,20,2,113,0.14109542924086113
CAR,2016,0.19082881862026074,23,3,128,0.19082881862026074
CAR,2017,0.3279692349679138,23,2,110,0.3279692349679138
CAR,2018,0.20553443380401337,17,4,98,0.20553443380401337
CAR,2019,0.14352795193573664,24,2,128,0.14352795193573664
CAR,2020,0.6315691495259074,30,6,104,0.6315691495259074
CAR,2021,0.35663726988564626,33,7,136,0.35663726988564626
CAR,2022,0.36117734173425414,31,5,132,0.36117734173425414
CAR,2023,0.48941358111061384,34,7,158,0.48941358111061384
CAR,2024,0.1288502876859909,21,2,127,0.1288502876859909
CHI,2006,0.1173291498532911,26,0,124,0.1173291498532911
CHI,2007,0.33424159810611287,19,4,145,0.33424159810611287
CHI,2008,0.3501500359453952,19,3,134,0.3501500359453952
CHI,2009,0.20218163836470124,24,4,120,0.20218163836470124
CHI,2010,0.1357923808404565,19,2,118,0.1357923808404565
CHI,2011,0.08629433823820079,14,2,127,0.08629433823820079
CHI,2012,0.11418726566853038,18,0,124,0.11418726566853038
CHI,2013,0.1386540004915484,19,0,103,0.1386540004915484
CHI,2014,0.26510416893996214,29,3,116,0.26510416893996214
CHI,2015,0.21241425006348819,24,2,119,0.21241425006348819
CHI,2016,0.3062448104438553,21,5,104,0.3062448104438553
CHI,2017,0.18517021772281003,22,2,124,0.18517021772281003
CHI,2018,0.2022858554787873,20,1,108,0.2022858554787873
CHI,2019,0.44242970349404065,33,7,128,0.44242970349404065
CHI,2020,0.4606636653433853,35,5,121,0.4606636653433853
CHI,2021,0.3186918737449419,31,6,125,0.3186918737449419
CHI,2022,0.5888393640515558,30,7,117,0.5888393640515558
CHI,2023,0.807520845472985,29,7,130,0.807520845472985
CHI,2024,0.46359925431061066,34,4,142,0.46359925431061066
CIN,2006,0.11057747034691717,15,1,115,0.11057747034691717
CIN,2007,0.2534281134919714,28,4,104,0.2534281134919714
CIN,2008,0.1601255070586039,23,1,124,0.1601255070586039
CIN,2009,0.35531573489377316,31,3,123,0.35531573489377316
CIN,2010,0.2583292728683516,22,5,120,0.2583292728683516
CIN,2011,0.7896144212935964,28,11,136,0.7896144212935964
CIN,2012,0.34234134791098625,28,5,124,0.34234134791098625
CIN,2013,0.23511095889437555,18,4,117,0.23511095889437555
CIN,2014,0.20450428071072857,24,1,113,0.20450428071072857
CIN,2015,0.11120211740816491,15,1,109,0.11120211740816491
CIN,2016,0.36599971380957685,20,2,112,0.36599971380957685
CIN,2017,0.1226417391585267,19,1,119,0.1226417391585267
CIN,2018,0.3375422057425274,22,6,111,0.3375422057425274
CIN,2019,0.2510612514548464,35,3,130,0.2510612514548464
CIN,2020,0.22449603434426885,24,2,120,0.22449603434426885
CIN,2021,0.1678468311296806,24,3,115,0.1678468311296806
CIN,2022,0.11687795588570242,16,2,98,0.11687795588570242
CIN,2023,0.21865739272853224,27,3,125,0.21865739272853224
CIN,2024,0.247172940386979,21,3,104,0.247172940386979
CLE,2006,0.2727533453449534,21,2,124,0.2727533453449534
CLE,2007,0.3045778594618578,25,1,109,0.3045778594618578
CLE,2008,0.18229248762218564,20,2,125,0.18229248762218564
CLE,2009,0.40472488550875324,37,5,133,0.40472488550875324
CLE,2010,0.4400885257758601,21,5,110,0.4400885257758601
CLE,2011,0.32261395784385716,29,4,134,0.32261395784385716
CLE,2012,0.18601480183359403,24,1,136,0.18601480183359403
CLE,2013,0.492009873844222,31,6,141,0.492009873844222
CLE,2014,0.19342655550847235,23,4,135,0.19342655550847235
CLE,2015,0.27407523310555487,37,2,120,0.27407523310555487
CLE,2016,0.21387231806182855,20,2,126,0.21387231806182855
CLE,2017,0.21405313916368585,25,2,122,0.21405313916368585
CLE,2018,0.3799293270712514,25,3,113,0.3799293270712514
CLE,2019,0.46690236964821336,22,7,110,0.46690236964821336
CLE,2020,0.34147913646561445,20,5,97,0.34147913646561445
CLE,2021,0.36933090399628055,24,5,117,0.36933090399628055
CLE,2022,0.3795558302792819,35,7,135,0.3795558302792819
CLE,2023,0.24619321552581835,31,1,157,0.24619321552581835
CLE,2024,0.7594931301856684,41,8,159,0.7594931301856684
DAL,2006,0.12020613723535692,18,1,96,0.12020613723535692
DAL,2007,0.1507571245004474,22,0,106,0.1507571245004474
DAL,2008,0.11161310589464604,18,1,109,0.11161310589464604
DAL,2009,0.08577018429514068,20,0,111,0.08577018429514068
DAL,2010,0.2774850467616283,27,4,115,0.2774850467616283
DAL,2011,0.3113445792572603,23,7,112,0.3113445792572603
DAL,2012,0.35456609879331324,22,3,107,0.35456609879331324
DAL,2013,0.19024999983387322,14,3,111,0.19024999983387322
DAL,2014,0.09517356300337984,16,1,89,0.09517356300337984
DAL,2015,0.39607666623447496,32,7,115,0.39607666623447496
DAL,2016,0.28238317020206105,22,4,98,0.28238317020206105
DAL,2017,0.2304783643354357,23,4,111,0.2304783643354357
DAL,2018,0.24358511190097726,21,4,116,0.24358511190097726
DAL,2019,0.23149162078794272,19,4,102,0.23149162078794272
DAL,2020,0.2376181668767891,27,2,119,0.2376181668767891
DAL,2021,0.29471766836911306,26,4,121,0.29471766836911306
DAL,2022,0.29959404585996896,22,6,116,0.29959404585996896
DAL,2023,0.19713871446053466,19,3,103,0.19713871446053466
DAL,2024,0.3119624338991397,33,4,133,0.3119624338991397
DEN,2006,0.23717026882757508,20,2,121,0.23717026882757508
DEN,2007,0.2191560127626258,26,1,108,0.2191560127626258
DEN,2008,0.11135190424556625,17,2,88,0.11135190424556625
DEN,2009,0.21079044164064778,29,3,129,0.21079044164064778
DEN,2010,0.22932075199017668,29,4,130,0.22932075199017668
DEN,2011,0.2809735560270383,26,3,137,0.2809735560270383
DEN,2012,0.18667238422652602,13,3,103,0.18667238422652602
DEN,2013,0.03859670591913109,10,0,99,0.03859670591913109
DEN,2014,0.29649988923377746,32,5,110,0.29649988923377746
DEN,2015,0.35290448840669725,33,6,132,0.35290448840669725
DEN,2016,0.21782609945241646,24,3,134,0.21782609945241646
DEN,2017,0.12637302542220535,24,1,126,0.12637302542220535
DEN,2018,0.24533405389483065,29,2,131,0.24533405389483065
DEN,2019,0.2826895242995525,18,3,127,0.2826895242995525
DEN,2020,0.15062285617071233,24,2,114,0.15062285617071233
DEN,2021,0.2603324026369116,24,4,124,0.2603324026369116
DEN,2022,0.8513481498066452,33,7,153,0.8513481498066452
DEN,2023,0.24444577718018062,27,3,130,0.24444577718018062
DEN,2024,0.1956596345383841,22,4,126,0.1956596345383841
DET,2006,0.37130934348453676,31,4,120,0.37130934348453676
DET,2007,0.048881410338677045,16,0,111,0.048881410338677045
DET,2008,0.1212015942113507,31,0,131,0.1212015942113507
DET,2009,0.20240935850253958,28,2,127,0.20240935850253958
DET,2010,0.44390973485513785,23,4,132,0.44390973485513785
DET,2011,0.1553289794546976,18,1,124,0.1553289794546976
DET,2012,0.10342815688719834,14,1,123,0.10342815688719834
DET,2013,0.2740633845467587,20,5,110,0.2740633845467587
DET,2014,0.3846891568527536,31,6,124,0.3846891568527536
DET,2015,0.17489636593510693,21,2,115,0.17489636593510693
DET,2016,0.1962068065640787,12,2,104,0.1962068065640787
DET,2017,0.28958820082982983,15,3,116,0.28958820082982983
DET,2018,0.31337944039130533,22,3,124,0.31337944039130533
DET,2019,0.2248055514190815,23,3,108,0.2248055514190815
DET,2020,0.048760601857464725,16,0,102,0.048760601857464725
DET,2021,0.47383770954970106,31,6,119,0.47383770954970106
DET,2022,0.4721595481066263,32,9,117,0.4721595481066263
DET,2023,0.39115312368311994,32,4,118,0.39115312368311994
DET,2024,0.5081138467316698,34,7,103,0.5081138467316698
GB,2006,0.21031075469800006,27,3,135,0.21031075469800006
GB,2007,0.24575909192486736,21,3,106,0.24575909192486736
GB,2008,0.3190995308929534,27,6,113,0.3190995308929534
GB,2009,0.254760808207489,22,4,109,0.254760808207489
GB,2010,0.2649268560124557,20,5,110,0.2649268560124557
GB,2011,0.19060525860324562,15,3,87,0.19060525860324562
GB,2012,0.2189593675781375,19,3,112,0.2189593675781375
GB,2013,0.27934750821267695,19,3,100,0.27934750821267695
GB,2014,0.06018998969745616,11,0,93,0.06018998969745616
GB,2015,0.23210701725682034,26,3,128,0.23210701725682034
GB,2016,0.16929541366053683,17,1,101,0.16929541366053683
GB,2017,0.20747065190825198,29,1,116,0.20747065190825198
GB,2018,0.12248519076570152,20,1,113,0.12248519076570152
GB,2019,0.22387977224969288,18,2,114,0.22387977224969288
GB,2020,0.45467485385403417,16,3,84,0.45467485385403417
GB,2021,0.27767985423643604,19,6,105,0.27767985423643604
GB,2022,0.43232812109550206,31,5,110,0.43232812109550206
GB,2023,0.21500745101969765,24,4,110,0.21500745101969765
GB,2024,0.2124709344701201,26,4,106,0.2124709344701201
HOU,2006,0.18564247950283688,17,2,113,0.18564247950283688
HOU,2007,0.1290085062923312,22,2,96,0.1290085062923312
HOU,2008,0.23535886751686147,26,4,104,0.23535886751686147
HOU,2009,0.15400401204099345,20,2,108,0.15400401204099345
HOU,2010,0.30166545247523735,22,3,110,0.30166545247523735
HOU,2011,0.3301895487368109,24,4,121,0.3301895487368109
HOU,2012,0.16466675864957456,17,2,127,0.16466675864957456
HOU,2013,0.22464616180426644,23,4,137,0.22464616180426644
HOU,2014,0.1935093978529264,27,1,136,0.1935093978529264
HOU,2015,0.24098299544605967,24,3,141,0.24098299544605967
HOU,2016,0.4893036349603864,33,8,132,0.4893036349603864
HOU,2017,0.1413446797331145,29,1,127,0.1413446797331145
HOU,2018,0.3211238712139426,32,2,123,0.3211238712139426
HOU,2019,0.14331457474776296,18,1,105,0.14331457474776296
HOU,2020,0.2509639680899473,20,4,99,0.2509639680899473
HOU,2021,0.267333047728492,26,3,134,0.267333047728492
HOU,2022,0.2935203663990482,24,3,134,0.2935203663990482
HOU,2023,0.29323524495844533,20,6,134,0.29323524495844533
HOU,2024,0.19494575446873305,24,2,132,0.19494575446873305
IND,2006,0.08565447513767,13,0,76,0.08565447513767
IND,2007,0.2086329611501273,19,2,89,0.2086329611501273
IND,2008,0.1792586654345379,21,3,92,0.1792586654345379
IND,2009,0.1154260993896855,23,0,92,0.1154260993896855
IND,2010,0.2592357423083728,17,4,102,0.2592357423083728
IND,2011,0.1735618199364163,22,2,126,0.1735618199364163
IND,2012,0.14787835150912182,17,3,112,0.14787835150912182
IND,2013,0.15894453254349755,15,1,125,0.15894453254349755
IND,2014,0.11426865520374675,13,1,113,0.11426865520374675
IND,2015,0.2648874155963382,29,5,124,0.2648874155963382
IND,2016,0.09839050546374836,17,1,104,0.09839050546374836
IND,2017,0.3104724020679284,26,5,133,0.3104724020679284
IND,2018,0.31872800629803005,19,3,93,0.31872800629803005
IND,2019,0.327172643287904,30,5,110,0.327172643287904
IND,2020,0.46327293884022563,24,9,107,0.46327293884022563
IND,2021,0.259056271900254,23,4,119,0.259056271900254
IND,2022,0.28463514964784875,27,6,127,0.28463514964784875
IND,2023,0.4482878045340279,38,4,140,0.4482878045340279
IND,2024,0.3266450887042852,30,2,131,0.3266450887042852
JAX,2006,0.26501870115756776,22,3,119,0.26501870115756776
JAX,2007,0.47401779983466946,36,5,109,0.47401779983466946
JAX,2008,0.3304495009979331,30,5,113,0.3304495009979331
JAX,2009,0.30168195338281123,27,5,114,0.30168195338281123
JAX,2010,0.16529960213254818,26,0,109,0.16529960213254818
JAX,2011,0.3457905737196,28,5,140,0.3457905737196
JAX,2012,0.3205468987901267,35,4,145,0.3205468987901267
JAX,2013,0.21517206666852604,28,2,147,0.21517206666852604
JAX,2014,0.32622560441672616,20,3,139,0.32622560441672616
JAX,2015,0.28374524104235416,33,5,122,0.28374524104235416
JAX,2016,0.5266507158356583,26,4,125,0.5266507158356583
JAX,2017,0.2408292635477804,22,5,132,0.2408292635477804
JAX,2018,0.21755534977517255,22,2,128,0.21755534977517255
JAX,2019,0.30131780163674815,27,4,131,0.30131780163674815
JAX,2020,0.29542297563384706,28,4,112,0.29542297563384706
JAX,2021,0.3890174851729372,43,6,128,0.3890174851729372
JAX,2022,0.4288315263792774,34,5,117,0.4288315263792774
JAX,2023,0.3044970894916833,31,2,125,0.3044970894916833
JAX,2024,0.20767175818277167,30,2,119,0.20767175818277167
KC,2006,0.30993420462839716,26,4,116,0.30993420462839716
KC,2007,0.3026901096472925,32,6,141,0.3026901096472925
KC,2008,0.26679355450743564,29,2,120,0.26679355450743564
KC,2009,0.5562244102451718,40,10,153,0.5562244102451718
KC,2010,0.4478075705167905,34,6,135,0.4478075705167905
KC,2011,0.20362180117365775,24,3,133,0.20362180117365775
KC,2012,0.28208170470199534,36,4,128,0.28208170470199534
KC,2013,0.27693768017468534,24,2,127,0.27693768017468534
KC,2014,0.2586446979926712,23,3,112,0.2586446979926712
KC,2015,0.22294537296226452,25,2,118,0.22294537296226452
KC,2016,0.20518663112199903,16,2,121,0.20518663112199903
KC,2017,0.23970553843223402,22,4,116,0.23970553843223402
KC,2018,0.1560340512189329,21,3,86,0.1560340512189329
KC,2019,0.18668211504640983,17,2,93,0.18668211504640983
KC,2020,0.23434340968989947,17,4,91,0.23434340968989947
KC,2021,0.15229031254313924,11,4,85,0.15229031254313924
KC,2022,0.2769718599895966,18,6,91,0.2769718599895966
KC,2023,0.3739242789202582,24,6,109,0.3739242789202582
KC,2024,0.6702793882917957,31,5,112,0.6702793882917957
LA,2006,0.22136793154407347,30,3,128,0.22136793154407347
LA,2007,0.15857550260662906,25,0,129,0.15857550260662906
LA,2008,0.38401230670481595,33,8,140,0.38401230670481595
LA,2009,0.4254382609995174,41,5,141,0.4254382609995174
LA,2010,0.17507282337756594,16,2,147,0.17507282337756594
LA,2011,0.3093898144466444,35,4,154,0.3093898144466444
LA,2012,0.16199315996191896,23,1,126,0.16199315996191896
LA,2013,0.21422558302952716,22,3,123,0.21422558302952716
LA,2014,0.38699796699995254,13,3,119,0.38699796699995254
LA,2015,0.15464838608525072,28,1,139,0.15464838608525072
LA,2016,0.20400935290188063,19,4,139,0.20400935290188063
LA,2017,0.17660161093987056,25,2,117,0.17660161093987056
LA,2018,0.24834159480162327,26,4,97,0.24834159480162327
LA,2019,0.21114580338641747,17,2,111,0.21114580338641747
LA,2020,0.23990396157627641,21,2,115,0.23990396157627641
LA,2021,0.24303894110777569,30,3,104,0.24303894110777569
LA,2022,0.28330692136414115,23,3,120,0.28330692136414115
LA,2023,0.23679040754040864,23,2,125,0.23679040754040864
LA,2024,0.2962065615110188,28,3,117,0.2962065615110188
LAC,2006,0.38974344464701455,16,4,109,0.38974344464701455
LAC,2007,0.1511754475418262,28,1,115,0.1511754475418262
LAC,2008,0.21283288402115835,21,3,92,0.21283288402115835
LAC,2009,0.11781962570402807,19,2,92,0.11781962570402807
LAC,2010,0.2484059343752681,17,4,101,0.2484059343752681
LAC,2011,0.2509055712260352,13,3,90,0.2509055712260352
LAC,2012,0.2441342777058397,23,3,121,0.2441342777058397
LAC,2013,0.3517976633631891,16,4,98,0.3517976633631891
LAC,2014,0.21449935369553247,13,2,108,0.21449935369553247
LAC,2015,0.24667480093153193,21,3,118,0.24667480093153193
LAC,2016,0.6715755750648391,14,6,101,0.6715755750648391
LAC,2017,0.3398294760853295,24,5,111,0.3398294760853295
LAC,2018,0.18754274881300714,13,4,95,0.18754274881300714
LAC,2019,0.17828705224581512,19,2,96,0.17828705224581512
LAC,2020,0.21656604010520777,19,3,113,0.21656604010520777
LAC,2021,0.5366836929113791,25,4,108,0.5366836929113791
LAC,2022,0.34195008520558934,27,6,132,0.34195008520558934
LAC,2023,0.33835484016262524,26,6,137,0.33835484016262524
LAC,2024,0.2325401393590915,18,4,126,0.2325401393590915
LV,2006,0.2566560189355024,27,2,124,0.2566560189355024
LV,2007,0.32419500647901106,33,6,125,0.32419500647901106
LV,2008,0.25134806403737947,30,5,139,0.25134806403737947
LV,2009,0.21200291749438047,29,4,142,0.21200291749438047
LV,2010,0.2762471027664987,23,5,135,0.2762471027664987
LV,2011,0.2673725045482762,30,4,121,0.2673725045482762
LV,2012,0.27634614867920015,27,5,127,0.27634614867920015
LV,2013,0.1792834023598906,18,3,126,0.1792834023598906
LV,2014,0.20088018875996078,30,1,144,0.20088018875996078
LV,2015,0.17724745064188077,25,1,122,0.17724745064188077
LV,2016,0.3860560530989955,26,7,125,0.3860560530989955
LV,2017,0.25860076311731434,23,3,111,0.25860076311731434
LV,2018,0.39880579466468713,26,4,114,0.39880579466468713
LV,2019,0.24110544903160167,25,3,111,0.24110544903160167
LV,2020,0.3542992965877321,18,4,99,0.3542992965877321
LV,2021,0.12009881749227706,19,2,117,0.12009881749227706
LV,2022,0.4631583589619717,29,9,116,0.4631583589619717
LV,2023,0.40229318146533455,35,5,128,0.40229318146533455
LV,2024,0.36881882607138916,30,7,129,0.36881882607138916
MIA,2006,0.10578844079807558,19,0,136,0.10578844079807558
MIA,2007,0.30784849882670967,31,3,122,0.30784849882670967
MIA,2008,0.28472911517018146,27,3,114,0.28472911517018146
MIA,2009,0.5847903470063132,26,4,118,0.5847903470063132
MIA,2010,0.3159868118094185,19,4,124,0.3159868118094185
MIA,2011,0.2934002361918362,28,5,131,0.2934002361918362
MIA,2012,0.19586256514815686,21,3,118,0.19586256514815686
MIA,2013,0.2598005073685646,20,4,129,0.2598005073685646
MIA,2014,0.22335024986376295,30,3,113,0.22335024986376295
MIA,2015,0.1630000135392244,24,2,128,0.1630000135392244
MIA,2016,0.0947468576780989,18,1,112,0.0947468576780989
MIA,2017,0.14627729598286265,22,1,130,0.14627729598286265
MIA,2018,0.14033715436125827,16,3,120,0.14033715436125827
MIA,2019,0.2728002494108533,31,4,125,0.2728002494108533
MIA,2020,0.09670630433964293,12,0,110,0.09670630433964293
MIA,2021,0.21534832301898044,23,3,128,0.21534832301898044
MIA,2022,0.38236346231272117,23,7,117,0.38236346231272117
MIA,2023,0.2266154948254798,29,3,103,0.2266154948254798
MIA,2024,0.36854045176762446,32,5,125,0.36854045176762446
MIN,2006,0.5327964392501353,35,5,138,0.5327964392501353
MIN,2007,0.19572745275207976,20,2,116,0.19572745275207976
MIN,2008,0.1827010895649283,25,0,122,0.1827010895649283
MIN,2009,0.09722533626806865,13,2,111,0.09722533626806865
MIN,2010,0.3010757115093119,24,5,118,0.3010757115093119
MIN,2011,0.35883769347842676,24,5,122,0.35883769347842676
MIN,2012,0.09970740302168256,17,1,116,0.09970740302168256
MIN,2013,0.36525365990340797,25,3,113,0.36525365990340797
MIN,2014,0.3006926593632727,19,3,117,0.3006926593632727
MIN,2015,0.19413304629530542,24,2,113,0.19413304629530542
MIN,2016,0.19415352806350886,19,2,122,0.19415352806350886
MIN,2017,0.21753028081986492,14,3,114,0.21753028081986492
MIN,2018,0.16759827413310305,18,2,114,0.16759827413310305
MIN,2019,0.10440121870228089,13,1,104,0.10440121870228089
MIN,2020,0.2533889100506841,22,4,99,0.2533889100506841
MIN,2021,0.4852021842828963,23,6,131,0.4852021842828963
MIN,2022,0.34634876178575075,20,6,121,0.34634876178575075
MIN,2023,0.47986587762163574,36,7,118,0.47986587762163574
MIN,2024,0.2590219880676047,14,3,109,0.2590219880676047
NE,2006,0.2250351015877301,27,2,113,0.2250351015877301
NE,2007,0.24420318029785476,31,4,90,0.24420318029785476
NE,2008,0.23639973238085393,30,2,108,0.23639973238085393
NE,2009,0.2641137808407621,27,2,109,0.2641137808407621
NE,2010,0.15886076714813266,19,3,93,0.15886076714813266
NE,2011,0.264256238114493,20,3,97,0.264256238114493
NE,2012,0.16909578890948818,18,2,105,0.16909578890948818
NE,2013,0.2906699166266347,21,3,129,0.2906699166266347
NE,2014,0.24065334867311206,22,2,115,0.24065334867311206
NE,2015,0.13147277665872018,24,1,122,0.13147277665872018
NE,2016,0.43207379955004505,12,3,113,0.43207379955004505
NE,2017,0.4535914999243199,31,4,109,0.4535914999243199
NE,2018,0.2634781998951635,25,1,109,0.2634781998951635
NE,2019,0.36145837223647215,26,5,130,0.36145837223647215
NE,2020,0.1727118730029022,17,2,98,0.1727118730029022
NE,2021,0.10173552082542126,18,0,106,0.10173552082542126
NE,2022,0.3181733179191989,26,5,126,0.3181733179191989
NE,2023,0.37976167136140254,42,6,147,0.37976167136140254
NE,2024,0.29481730682380086,23,3,125,0.29481730682380086
NO,2006,0.22687891645552058,29,3,118,0.22687891645552058
NO,2007,0.19413886318180962,27,2,106,0.19413886318180962
NO,2008,0.14172870676316196,17,3,94,0.14172870676316196
NO,2009,0.22959978222066296,21,3,97,0.22959978222066296
NO,2010,0.14564725480515633,17,3,95,0.14564725480515633
NO,2011,0.26262399823086213,18,1,86,0.26262399823086213
NO,2012,0.12584092756249177,21,1,107,0.12584092756249177
NO,2013,0.351892032155607,19,5,109,0.351892032155607
NO,2014,0.531470817724693,18,6,93,0.531470817724693
NO,2015,0.237635229479275,22,2,105,0.237635229479275
NO,2016,0.12886159393940816,15,2,101,0.12886159393940816
NO,2017,0.1460487855270829,19,2,109,0.1460487855270829
NO,2018,0.25725234251990586,22,3,87,0.25725234251990586
NO,2019,0.1358312378270831,15,1,103,0.1358312378270831
NO,2020,0.1653056202003608,17,2,102,0.1653056202003608
NO,2021,0.2525398918363639,28,3,133,0.2525398918363639
NO,2022,0.14674434081550536,19,1,118,0.14674434081550536
NO,2023,0.3109467410301201,31,2,131,0.3109467410301201
NO,2024,0.27328364102955893,29,2,131,0.27328364102955893
NYG,2006,0.28673040487191026,25,5,114,0.28673040487191026
NYG,2007,0.3176928856022318,30,2,112,0.3176928856022318
NYG,2008,0.2857394712936909,20,2,111,0.2857394712936909
NYG,2009,0.0776635062481395,26,1,108,0.0776635062481395
NYG,2010,0.22680534904947808,13,5,105,0.22680534904947808
NYG,2011,0.23851936299599194,21,4,115,0.23851936299599194
NYG,2012,0.17120440390922317,21,1,103,0.17120440390922317
NYG,2013,0.27379313412290873,24,3,128,0.27379313412290873
NYG,2014,0.17729253666363126,22,2,121,0.17729253666363126
NYG,2015,0.28948588542113357,30,5,123,0.28948588542113357
NYG,2016,0.36936410879274806,34,2,133,0.36936410879274806
NYG,2017,0.6251444668406698,31,5,142,0.6251444668406698
NYG,2018,0.18963166669164555,24,3,120,0.18963166669164555
NYG,2019,0.373858025500191,30,6,118,0.373858025500191
NYG,2020,0.2669721600746962,21,5,118,0.2669721600746962
NYG,2021,0.35601633073934497,35,6,136,0.35601633073934497
NYG,2022,0.19645299618048478,21,3,117,0.19645299618048478
NYG,2023,0.13694052880318835,33,0,162,0.13694052880318835
NYG,2024,1.1746278887264099,41,10,140,1.1746278887264099
NYJ,2006,0.3326586123699899,28,5,115,0.3326586123699899
NYJ,2007,0.3888197705413824,30,3,124,0.3888197705413824
NYJ,2008,0.341265545656264,30,3,101,0.341265545656264
NYJ,2009,0.49476179999759246,28,7,132,0.49476179999759246
NYJ,2010,0.6516624417464649,31,10,132,0.6516624417464649
NYJ,2011,0.18867361245339553,25,3,127,0.18867361245339553
NYJ,2012,0.2776520044080226,28,3,125,0.2776520044080226
NYJ,2013,0.17571422598960462,24,2,128,0.17571422598960462
NYJ,2014,0.3530127818623919,33,4,132,0.3530127818623919
NYJ,2015,0.22406925094695038,24,4,126,0.22406925094695038
NYJ,2016,0.37034185968588035,30,4,125,0.37034185968588035
NYJ,2017,0.30638162658134555,29,2,135,0.30638162658134555
NYJ,2018,0.1574436455432587,27,2,136,0.1574436455432587
NYJ,2019,0.2871359348634335,29,3,131,0.2871359348634335
NYJ,2020,0.12006042145160167,22,2,125,0.12006042145160167
NYJ,2021,0.1895259892166731,28,2,123,0.1895259892166731
NYJ,2022,0.24702893448628874,33,3,145,0.24702893448628874
NYJ,2023,0.6937034623059217,30,6,164,0.6937034623059217
NYJ,2024,0.5134418179770619,29,6,115,0.5134418179770619
PHI,2006,0.1253618768286271,15,0,110,0.1253618768286271
PHI,2007,0.15024584848595562,19,3,116,0.15024584848595562
PHI,2008,0.2086950216754604,21,2,108,0.2086950216754604
PHI,2009,0.19826868222550342,19,2,122,0.19826868222550342
PHI,2010,0.19885305841730405,16,2,122,0.19885305841730405
PHI,2011,0.25821606867018204,21,6,107,0.25821606867018204
PHI,2012,0.15133463666558658,21,1,125,0.15133463666558658
PHI,2013,0.14128983056895217,21,2,122,0.14128983056895217
PHI,2014,0.1672324862886231,28,1,120,0.1672324862886231
PHI,2015,0.17444919836084904,18,2,128,0.17444919836084904
PHI,2016,0.38194650824470366,37,5,129,0.38194650824470366
PHI,2017,0.20969090462966072,30,0,125,0.20969090462966072
PHI,2018,0.44451751711940896,21,6,112,0.44451751711940896
PHI,2019,0.4071353388833987,25,5,119,0.4071353388833987
PHI,2020,0.45825097459106534,28,7,117,0.45825097459106534
PHI,2021,0.21470099088157907,22,3,112,0.21470099088157907
PHI,2022,0.4406894603336684,29,6,111,0.4406894603336684
PHI,2023,0.24385696038782276,25,2,106,0.24385696038782276
PHI,2024,0.2488440901956897,30,3,117,0.2488440901956897
PIT,2006,0.3062663156508299,21,4,111,0.3062663156508299
PIT,2007,0.15089859921527332,18,1,104,0.15089859921527332
PIT,2008,0.36586657790424904,13,4,117,0.36586657790424904
PIT,2009,0.22830562638749236,25,3,113,0.22830562638749236
PIT,2010,0.2146159497682858,15,2,114,0.2146159497682858
PIT,2011,0.14136006968869652,14,3,97,0.14136006968869652
PIT,2012,0.3258748040396621,24,2,120,0.3258748040396621
PIT,2013,0.17764775604782085,21,2,121,0.17764775604782085
PIT,2014,0.25842744293352665,27,4,101,0.25842744293352665
PIT,2015,0.3393875124726542,28,7,110,0.3393875124726542
PIT,2016,0.15876676321028338,18,0,111,0.15876676321028338
PIT,2017,0.07219598623427442,11,0,100,0.07219598623427442
PIT,2018,0.1356134463507333,16,3,92,0.1356134463507333
PIT,2019,0.34330170772955426,26,5,118,0.34330170772955426
PIT,2020,0.18801355258541005,24,1,120,0.18801355258541005
PIT,2021,0.6162107519643119,29,8,126,0.6162107519643119
PIT,2022,0.25192058690411134,24,3,125,0.25192058690411134
PIT,2023,0.22611865151221797,28,3,138,0.22611865151221797
PIT,2024,0.6077136828274216,28,5,126,0.6077136828274216
SEA,2006,0.2703548908244204,17,2,123,0.2703548908244204
SEA,2007,0.2747715133743715,29,3,130,0.2747715133743715
SEA,2008,0.11270502361679542,17,3,126,0.11270502361679542
SEA,2009,0.2994927027214033,26,3,132,0.2994927027214033
SEA,2010,0.22070367563911955,26,4,124,0.22070367563911955
SEA,2011,0.16441049957308165,23,2,139,0.16441049957308165
SEA,2012,0.35882178683235727,28,8,109,0.35882178683235727
SEA,2013,0.15049507471036494,16,1,119,0.15049507471036494
SEA,2014,0.394590585162059,20,7,110,0.394590585162059
SEA,2015,0.10289753223758148,22,1,105,0.10289753223758148
SEA,2016,0.19627167881482344,15,2,107,0.19627167881482344
SEA,2017,0.2465151059368867,16,2,126,0.2465151059368867
SEA,2018,0.22645136477077757,17,3,117,0.22645136477077757
SEA,2019,0.23762922363591688,22,3,113,0.23762922363591688
SEA,2020,0.18839123836121308,14,1,97,0.18839123836121308
SEA,2021,0.32743164053868434,21,5,115,0.32743164053868434
SEA,2022,0.38514327819991606,23,5,121,0.38514327819991606
SEA,2023,0.18744824173146102,29,1,119,0.18744824173146102
SEA,2024,0.26514643228055035,20,5,121,0.26514643228055035
SF,2006,0.2667176488744922,32,4,125,0.2667176488744922
SF,2007,0.10998268514542273,22,0,140,0.10998268514542273
SF,2008,0.14508599684737405,18,1,109,0.14508599684737405
SF,2009,0.13334654382185973,29,0,144,0.13334654382185973
SF,2010,0.22509368351093745,22,3,132,0.22509368351093745
SF,2011,0.3117049928356067,23,7,143,0.3117049928356067
SF,2012,0.20147476563021768,18,3,107,0.20147476563021768
SF,2013,0.33947129316695573,15,3,123,0.33947129316695573
SF,2014,0.20798846202850527,27,1,117,0.20798846202850527
SF,2015,0.19234099504069035,30,1,137,0.19234099504069035
SF,2016,0.25336982302536826,30,2,139,0.25336982302536826
SF,2017,0.18744541499251482,22,1,131,0.18744541499251482
SF,2018,0.1265579300639158,17,1,108,0.1265579300639158
SF,2019,0.13068820210234644,19,1,97,0.13068820210234644
SF,2020,0.27917721118650934,18,4,104,0.27917721118650934
SF,2021,0.25068428304114254,23,4,106,0.25068428304114254
SF,2022,0.2815550407716615,24,5,108,0.2815550407716615
SF,2023,0.1305523140786812,18,2,89,0.1305523140786812
SF,2024,0.3655338830228086,23,4,104,0.3655338830228086
TB,2006,0.16838312763387958,24,1,127,0.16838312763387958
TB,2007,0.3443156159800246,32,5,122,0.3443156159800246
TB,2008,0.25369407916438447,26,4,128,0.25369407916438447
TB,2009,0.21125967372233062,38,2,132,0.21125967372233062
TB,2010,0.28714791547272944,25,4,116,0.28714791547272944
TB,2011,0.10876282117517841,22,2,115,0.10876282117517841
TB,2012,0.1039579782471367,20,0,126,0.1039579782471367
TB,2013,0.17327738847852345,29,2,137,0.17327738847852345
TB,2014,0.3540586724689234,18,4,114,0.3540586724689234
TB,2015,0.13421607745289463,16,2,106,0.13421607745289463
TB,2016,0.24123070378571274,25,3,108,0.24123070378571274
TB,2017,0.2556617419175097,14,2,103,0.2556617419175097
TB,2018,0.2975383558152836,15,2,96,0.2975383558152836
TB,2019,0.3184442728748938,25,4,107,0.3184442728748938
TB,2020,0.11802489025544347,14,2,99,0.11802489025544347
TB,2021,0.12846595151146153,22,2,106,0.12846595151146153
TB,2022,0.46475613300759044,39,7,142,0.46475613300759044
TB,2023,0.20983093678061235,27,2,125,0.20983093678061235
TB,2024,0.4096096934952258,22,5,94,0.4096096934952258
TEN,2006,0.3780173290266006,34,6,129,0.3780173290266006
TEN,2007,0.2416249427915883,21,3,117,0.2416249427915883
TEN,2008,0.26803075677020877,20,3,127,0.26803075677020877
TEN,2009,0.3910583388675358,35,8,120,0.3910583388675358
TEN,2010,0.2839181515956469,19,3,115,0.2839181515956469
TEN,2011,0.4430199145490032,19,5,129,0.4430199145490032
TEN,2012,0.36966824220985894,24,5,127,0.36966824220985894
TEN,2013,0.33712659783608173,23,4,124,0.33712659783608173
TEN,2014,0.29131057608525424,24,3,127,0.29131057608525424
TEN,2015,0.5309600363059764,30,5,119,0.5309600363059764
TEN,2016,0.25903045484317017,18,6,109,0.25903045484317017
TEN,2017,0.22029469437012042,17,2,122,0.22029469437012042
TEN,2018,0.21294831113248888,23,2,114,0.21294831113248888
TEN,2019,0.3840296861985095,17,5,109,0.3840296861985095
TEN,2020,0.30565425091415954,19,5,90,0.30565425091415954
TEN,2021,0.31501909548840096,23,5,113,0.31501909548840096
TEN,2022,0.31266324729157197,19,4,128,0.31266324729157197
TEN,2023,0.3950445789560537,29,10,126,0.3950445789560537
TEN,2024,0.3085833231901396,26,6,123,0.3085833231901396
WAS,2006,0.23861842843087874,18,2,123,0.23861842843087874
WAS,2007,0.45981683885818697,25,5,122,0.45981683885818697
WAS,2008,0.3195376790028953,36,1,130,0.3195376790028953
WAS,2009,0.2821070533485982,32,4,121,0.2821070533485982
WAS,2010,0.27486833230396596,18,4,136,0.27486833230396596
WAS,2011,0.2081143735276133,24,2,119,0.2081143735276133
WAS,2012,0.2933243549722321,21,5,113,0.2933243549722321
WAS,2013,0.26036008728833426,23,5,129,0.26036008728833426
WAS,2014,0.20056155181372964,24,3,119,0.20056155181372964
WAS,2015,0.28918681888200676,19,4,110,0.28918681888200676
WAS,2016,0.5980211058470075,18,3,94,0.5980211058470075
WAS,2017,0.19529021701995308,30,1,126,0.19529021701995308
WAS,2018,0.23386266825600663,26,2,124,0.23386266825600663
WAS,2019,0.11591227592736812,22,0,119,0.11591227592736812
WAS,2020,0.3106592472581361,27,3,123,0.3106592472581361
WAS,2021,0.40450420415331106,31,4,126,0.40450420415331106
WAS,2022,0.30364046525630806,20,5,127,0.30364046525630806
WAS,2023,0.2333434838044578,33,4,125,0.2333434838044578
WAS,2024,0.2816905629497474,28,4,111,0.2816905629497474
